{
    "generatorSpeedWithoutFuel": 0.1,
    "generatorFuelFlowRate": 0.0011527777777778,
    "airFilterUnitFlowRate": 0.0041666666666667,
    "gpuBoostRate": 0.051225
}